,distance,norm_time,vehicle_fuel,vehicle_fuel,vehicle_fuel,vehicle_fuel,vehicle_CO2,vehicle_CO2,vehicle_CO2,vehicle_CO,vehicle_CO,vehicle_CO,vehicle_HC,vehicle_HC,vehicle_HC,vehicle_NOx,vehicle_NOx,vehicle_NOx,vehicle_PMx,vehicle_PMx,vehicle_PMx,vehicle_electricity,vehicle_electricity,vehicle_electricity
,total,total,total,average_per_step,per_100km,mpg,total,average_per_step,per_100km,total,average_per_step,per_100km,total,average_per_step,per_100km,total,average_per_step,per_100km,total,average_per_step,per_100km,total,average_per_step,per_100km
Total_sum,109.46615982364726,11620.0,5.8223918266600005,,,,51269.71243999999,,,895.4445999999994,,,5.315129999999999,,,21.23331000000001,,,1.0676750000000006,,,0.0,,
Total_average,0.5981757367412418,63.49726775956284,0.031816348779562846,0.00026290861272303345,12.510845618380294,18.80089198435864,280.1623630601092,2.3151681342672368,29102.693999145333,4.893139890710379,0.03737086593252937,508.2893768418234,0.029044426229508192,0.00022622503680693018,3.0170756689283538,0.11602901639344268,0.0009555166706873158,12.052857215498616,0.005834289617486342,4.8018698888164104e-05,0.606054088013479,0.0,0.0,0.0
240_98.8,0.6235777871484978,46.0,0.031661014200000004,0.0003404410129032258,11.942611517775243,19.695445736810846,278.801245,2.9978628494623654,105164.50732355492,4.28323,0.046056236559139783,1615.6447676676269,0.026335,0.0002831720430107527,9.933626015069693,0.11415,0.0012274193548387096,43.05765747561062,0.00604,6.494623655913979e-05,2.2783026820209207,0.0,0.0,0.0
3480_98.1,0.6278088335417776,50.0,0.02797845652,0.000277014420990099,10.482417411860093,22.43900885286497,246.34629,2.4390721782178217,92296.17930485953,3.5747449999999996,0.03539351485148515,1339.3150978208357,0.022310000000000003,0.00022089108910891092,8.358671690535369,0.10098499999999999,0.0009998514851485148,37.83507219492218,0.005175000000000001,5.123762376237625e-05,1.9388671447118124,0.0,0.0,0.0
1800_9.7,0.7172346753394913,71.5,0.03389194674,0.00023536074125,11.114766842591232,21.162392377213187,298.43000500000005,2.072430590277778,97869.26522263075,4.071104999999999,0.028271562499999996,1335.1072221916093,0.02564,0.00017805555555555554,8.408564548689574,0.12181,0.0008459027777777778,39.94724054898116,0.00584,4.055555555555555e-05,1.9152112700603396,0.0,0.0,0.0
1320_9.8,0.7102072959104532,94.0,0.045861580060000004,0.00024265386275132279,15.188993741426984,15.485888078459134,403.86429999999996,2.136848148148148,133756.67207846718,7.340145,0.03883674603174603,2430.998154017081,0.0431,0.00022804232804232805,14.274380197957424,0.16960999999999998,0.0008974074074074073,56.17349478829602,0.00841,4.4497354497354503e-05,2.785325695239488,0.0,0.0,0.0
360_11.1,0.8619708642704653,82.5,0.03353135196,0.0002019960961445783,9.150052737253693,25.70641545556296,295.29296,1.7788732530120481,80579.69628432914,4.01759,0.02420234939759036,1096.3220457235352,0.025415,0.0001531024096385542,6.935258399205405,0.11890500000000001,0.0007162951807228917,32.44685815296159,0.005665,3.412650602409638e-05,1.545868142101067,0.0,0.0,0.0
3720_47.0,0.40797290751007625,32.5,0.02102412862,0.00031854740333333334,12.121372578634404,19.404985332993853,185.13129500000002,2.8050196212121215,106736.66639031802,2.79167,0.0422980303030303,1609.5255502958537,0.017240000000000002,0.00026121212121212126,9.939649201768304,0.07602,0.0011518181818181818,43.82900999526836,0.003895,5.9015151515151516e-05,2.2456458028357043,0.0,0.0,0.0
3000_47.6,0.4093686352575366,38.5,0.02056843192,0.0002636978451282051,11.818210951999518,19.90276346051841,181.187545,2.3229172435897434,104106.75140494159,2.60692,0.033422051282051286,1497.8842633613162,0.016224999999999996,0.00020801282051282046,9.322561556563818,0.074745,0.0009582692307692309,42.94698696735672,0.0036550000000000007,4.685897435897437e-05,2.100090138011758,0.0,0.0,0.0
1080_29.8,0.5097848472681072,42.0,0.022557647080000003,0.00026538408329411766,10.408112901926005,22.599203075576586,198.70745,2.3377347058823528,91683.74550409075,2.71104,0.03189458823529412,1250.8756033626833,0.017185000000000002,0.00020217647058823533,7.92917007634993,0.08034000000000001,0.0009451764705882354,37.068927782016495,0.004005000000000001,4.711764705882354e-05,1.8479095813663935,0.0,0.0,0.0
3480_98.8,0.6264101217780504,51.5,0.030559416960000002,0.0002938405476923077,11.474966248809963,20.49810448275157,269.10471,2.5875452884615386,101047.98362768872,3.967315,0.038147259615384614,1489.71447272656,0.024605000000000002,0.0002365865384615385,9.239101155677584,0.11111499999999999,0.0010684134615384614,41.72333773270126,0.005655,5.4375e-05,2.123434953682452,0.0,0.0,0.0
1080_96.2,0.4422330790811431,40.0,0.02077976952,0.00025654036444444444,11.05234977992487,21.28190491504273,183.00067,2.259267530864198,97334.44891455196,2.5945150000000003,0.03203104938271605,1379.9713833044368,0.016210000000000002,0.0002001234567901235,8.621779455260395,0.074715,0.0009224074074074075,39.7394356569883,0.003665,4.5246913580246914e-05,1.949341252531113,0.0,0.0,0.0
3600_29.10,0.507170390016763,41.5,0.02545165134,0.00030299584928571426,11.803945461278332,19.92681666276366,224.10096000000001,2.6678685714285715,103933.35482726744,3.28062,0.039055,1521.4831855848815,0.02041,0.00024297619047619048,9.465732641326161,0.09232000000000001,0.0010990476190476193,42.816091986635534,0.00467,5.559523809523809e-05,2.1658486739340113,0.0,0.0,0.0
3240_12.0,0.8367910242418768,85.0,0.02934026318,0.00017158048643274853,8.247306053010183,28.5202289805049,258.41379,1.511191754385965,72637.98560270114,3.04379,0.017799941520467835,855.5842712482398,0.019945,0.0001166374269005848,5.6063750423144,0.101785,0.0005952339181286549,28.610924225719288,0.004565,2.6695906432748536e-05,1.283183859020568,0.0,0.0,0.0
2160_98.16,0.6260704408042678,53.0,0.02462611384,0.00023015059663551404,9.252046408209095,25.42303040065325,216.86072000000001,2.0267357009345797,81474.70845759877,2.809695,0.026258831775700934,1055.6041729446113,0.018035,0.00016855140186915887,6.775760806442004,0.08644000000000002,0.0008078504672897198,32.47556219067629,0.0042450000000000005,3.9672897196261684e-05,1.5948491612612317,0.0,0.0,0.0
1320_29.0,0.509363037538812,39.0,0.025085773120000005,0.00031754143189873424,11.584176946630253,20.304857063891514,220.86250000000004,2.7957278481012664,101990.48953509486,3.2558000000000002,0.04121265822784811,1503.472231946853,0.02026,0.00025645569620253166,9.355718231845703,0.09004999999999999,0.0011398734177215188,41.58353537895881,0.004665000000000001,5.9050632911392416e-05,2.154216463551837,0.0,0.0,0.0
1380_128.0,0.7045739005546634,59.5,0.03648479492,0.00030403995766666665,12.180089432471622,19.311439247488675,321.31969,2.677664083333333,107269.4137159222,4.732705,0.03943920833333334,1579.9669501748047,0.029375000000000002,0.0002447916666666667,9.806554425299039,0.13242,0.0011035,44.20711274887144,0.006750000000000001,5.6250000000000005e-05,2.2534210168772257,0.0,0.0,0.0
2280_9.10,0.7099247946241802,59.0,0.03349436788,0.000281465276302521,11.097484850817771,21.19534833938715,294.95311000000004,2.4785975630252106,97725.01698355944,4.392055,0.03690802521008403,1455.1928252857788,0.027215000000000003,0.00022869747899159667,9.016980147141254,0.12073,0.0010145378151260505,40.00073537256525,0.00619,5.2016806722689076e-05,2.0508949884550565,0.0,0.0,0.0
3420_98.16,0.6227480774226808,53.5,0.0274474708,0.00025414324814814816,10.367046717038136,22.688723560739913,241.741685,2.238348935185185,91307.04100614316,3.549925,0.03286967592592593,1340.8243908936631,0.022065000000000005,0.0002043055555555556,8.334060630877746,0.099235,0.0009188425925925926,37.48155480195572,0.00504,4.666666666666667e-05,1.9036331556593622,0.0,0.0,0.0
2340_48.2,0.4953955033221018,36.5,0.027006303560000004,0.00036495004810810816,12.822662279813487,18.343698989440735,237.83704,3.2140140540540543,112925.63733407474,3.797335,0.051315337837837836,1802.9844091819705,0.02316,0.000312972972972973,10.996427472597079,0.098815,0.0013353378378378378,46.91761574717964,0.00525,7.094594594594596e-05,2.492713481482499,0.0,0.0,0.0
2760_98.4,0.6235018978421719,54.0,0.024586488040000003,0.00022556411045871562,9.275211845117914,25.35953475046092,216.49504500000003,1.9861930733944957,81672.39674598665,2.676905,0.02455876146788991,1009.8579725522835,0.017405,0.00015967889908256882,6.566007389979283,0.08572500000000001,0.000786467889908257,32.339614105485445,0.004125000000000001,3.784403669724772e-05,1.5561494101502185,0.0,0.0,0.0
2160_98.12,0.6286416990135726,54.5,0.02880267316,0.00026184248327272726,10.77692177071987,21.825810941972048,253.68719,2.306247181818182,94920.59940674437,3.3610749999999996,0.03055522727272727,1257.593076146349,0.021415,0.00019468181818181818,8.01272084844107,0.10274000000000001,0.0009340000000000002,38.441603547459046,0.005045,4.5863636363636365e-05,1.887657094577875,0.0,0.0,0.0
2580_120.10,0.701716629817637,246.5,0.09125689654000001,0.00018473055979757088,30.58926526564202,7.689464099954993,803.1043099999999,1.6257172267206477,269200.1558896142,31.307290000000002,0.06337508097165992,10494.187670940728,0.16151500000000002,0.0003269534412955466,54.139745780359526,0.352595,0.0007137550607287449,118.1896645105771,0.019055,3.8572874493927124e-05,6.38722630000155,0.0,0.0,0.0
3960_9.13,0.337835473085168,62.5,0.024919344760000007,0.00019777257746031752,17.34988054153763,13.557157153965548,219.42982500000008,1.7415065476190483,152776.13788270843,4.867355000000001,0.038629801587301595,3388.8542662971636,0.027414999999999995,0.00021757936507936504,19.0874591457859,0.09346000000000002,0.0007417460317460319,65.0707252148514,0.0046050000000000015,3.654761904761906e-05,3.2061918426534413,0.0,0.0,0.0
720_47.0,0.4128895250966867,37.5,0.01946683468,0.00025614256157894735,11.089873568047267,21.209895285178778,171.41105999999996,2.2554086842105256,97649.51594919304,2.42491,0.031906710526315794,1381.423624125291,0.01519,0.00019986842105263158,8.653444808451932,0.070235,0.0009241447368421054,40.01150073216731,0.0034249999999999997,4.5065789473684204e-05,1.9511552645785295,0.0,0.0,0.0
3300_98.12,0.6282182021231982,54.0,0.0255190152,0.00023411940550458718,9.554732093440139,24.617650689090784,224.67081500000003,2.061200137614679,84120.38747247003,3.159705,0.02898811926605505,1183.0446642511217,0.019860000000000003,0.00018220183486238533,7.435905260784562,0.091735,0.000841605504587156,34.3470679304165,0.004569999999999999,4.192660550458715e-05,1.7110819255682495,0.0,0.0,0.0
180_9.0,0.7094668831363375,61.0,0.038870268080000006,0.0003160184396747968,12.88696138383956,18.252173658184283,342.2688350000001,2.7826734552845536,113475.04088365819,5.141985,0.04180475609756098,1704.7621589565906,0.031775000000000005,0.0002583333333333334,10.534612139250829,0.14303999999999997,0.0011629268292682924,47.423160358723464,0.00727,5.910569105691057e-05,2.410279472930087,0.0,0.0,0.0
1860_47.0,0.4103216343027214,31.0,0.02450459472,0.000388961820952381,14.047150246351844,16.744681517537106,215.795285,3.425321984126984,123703.69008287424,3.48169,0.05526492063492063,1995.8633513454306,0.021179999999999997,0.00033619047619047615,12.141341067555187,0.08939000000000001,0.001418888888888889,51.24242105895932,0.004725,7.500000000000001e-05,2.708585294815782,0.0,0.0,0.0
4020_29.9,0.17045470839914573,22.0,0.012528357100000002,0.0002784079355555556,17.288218426898606,13.605511643593372,110.32784,2.4517297777777776,152244.36701983222,1.995345,0.044341,2753.430471503721,0.011744999999999998,0.00026099999999999995,16.207242801526153,0.04737,0.0010526666666666668,65.36714274229834,0.00235,5.222222222222223e-05,3.242828487321113,0.0,0.0,0.0
2400_98.15,0.622880978518359,55.0,0.0237358542,0.00021383652432432432,8.963237751053478,26.24219770099359,209.00972499999997,1.8829704954954953,78927.17244013514,2.809495,0.025310765765765766,1060.9338696306952,0.017855,0.00016085585585585586,6.742483699830775,0.08443500000000002,0.0007606756756756759,31.884716392898998,0.00411,3.702702702702703e-05,1.5520362927081761,0.0,0.0,0.0
3900_29.5,0.5040928916296387,39.0,0.027355010600000004,0.00034626595696202536,12.764136307423069,18.42780830907953,240.85618499999998,3.04881246835443,112386.03489431317,3.6403300000000005,0.04608012658227849,1698.6163523548926,0.022500000000000006,0.00028481012658227855,10.498737182613963,0.09970000000000001,0.0012620253164556962,46.521070982516086,0.005180000000000001,6.556962025316457e-05,2.4170426047084588,0.0,0.0,0.0
2640_96.1,0.4401516990353568,44.0,0.01950381876,0.00021914403101123595,10.42275164093815,22.567462528828216,171.743495,1.929702191011236,91778.93910718964,2.2533200000000004,0.025318202247191016,1204.1639135678042,0.014360000000000001,0.00016134831460674158,7.673918395449232,0.068965,0.0007748876404494382,36.85458092911952,0.0032050000000000004,3.6011235955056185e-05,1.7127373577586904,0.0,0.0,0.0
3840_32.1,0.922624807859146,129.0,0.05158354558,0.00019916426864864865,13.150769972669968,17.886029304214144,454.24787000000003,1.75385277992278,115806.48793675443,8.157105,0.031494613899613895,2079.581973122602,0.04804,0.0001854826254826255,12.247374281538583,0.19056499999999998,0.0007357722007722007,48.5828659442423,0.009260000000000001,3.575289575289576e-05,2.360755325708728,0.0,0.0,0.0
3660_58.0,0.8884729161772651,82.5,0.040958547740000004,0.0002467382393975904,10.843399917038308,21.692002407340848,360.69079,2.1728360843373493,95489.57905416403,5.240745,0.031570753012048196,1387.4391801914733,0.032595,0.000196355421686747,8.629227348085257,0.14713500000000002,0.0008863554216867471,38.95264199602775,0.00729,4.391566265060241e-05,1.9299606494106927,0.0,0.0,0.0
2640_46.5,0.7241050786496527,53.5,0.03022920196,0.00027990001814814816,9.819518844549718,23.953827150574657,266.190875,2.464730324074074,86468.25400049952,3.8099250000000002,0.035277083333333334,1237.599007189308,0.02385,0.00022083333333333333,7.747327393968383,0.108195,0.0010018055555555555,35.14558018408424,0.005620000000000001,5.203703703703704e-05,1.8255756794172882,0.0,0.0,0.0
240_96.2,0.43710888179420027,42.5,0.0192053044,0.00022331749302325582,10.334671655735294,22.75979972461151,169.14034,1.9667481395348838,91017.03577473265,2.3003600000000004,0.026748372093023262,1237.8593327574251,0.014530000000000001,0.00016895348837209304,7.8188179697809845,0.068255,0.0007936627906976744,36.72907230057819,0.0032300000000000007,3.755813953488373e-05,1.7381130104881335,0.0,0.0,0.0
1440_29.3,0.5085643257736708,38.0,0.025870363960000003,0.0003359787527272728,11.96524967986989,19.658182102114917,227.81025,2.9585746753246753,105364.05769544418,3.5527599999999997,0.046139740259740256,1643.1798376853817,0.02179,0.000282987012987013,10.078048802385881,0.09396,0.0012202597402597402,43.457249448011815,0.004935000000000001,6.409090909090911e-05,2.282476862770736,0.0,0.0,0.0
60_32.0,0.9211220021768852,102.0,0.05918641574,0.00028871422312195123,15.113672374749054,15.56306444072035,521.137785,2.542135536585366,133076.2413320015,10.28697,0.050180341463414636,2626.850982020157,0.05945,0.00029,15.180980490960733,0.22066000000000002,0.001076390243902439,56.34710101152894,0.011435,5.578048780487805e-05,2.92000861083492,0.0,0.0,0.0
3600_29.4,0.5098237334223645,37.5,0.02649909332,0.0003486722805263158,12.22576616163216,19.239289709492766,233.3768,3.0707473684210527,107671.99276952456,3.673775,0.04833914473684211,1694.9528626532717,0.02249,0.00029592105263157893,10.37610901077831,0.096075,0.0012641447368421052,44.32568578081485,0.005090000000000002,6.697368421052634e-05,2.3483501496159005,0.0,0.0,0.0
3840_98.1,0.16170562995589724,20.5,0.011512615760000003,0.0002741098990476191,16.74611189570295,14.04595040144875,101.381705,2.413850119047619,147468.60413824377,1.643005,0.03911916666666667,2389.8952374312034,0.00987,0.00023500000000000002,14.356782842076548,0.042194999999999996,0.0010046428571428572,61.376337590822686,0.0019649999999999997,4.678571428571428e-05,2.8582652770699504,0.0,0.0,0.0
2580_42.0,0.4515380113443321,48.0,0.0216290825,0.0002229802319587629,11.267015727427594,20.876429286555826,190.508395,1.9640040721649485,99239.58090556956,3.0212049999999997,0.031146443298969068,1573.8052804959657,0.018355000000000003,0.00018922680412371138,9.56148156894466,0.07933000000000001,0.0008178350515463919,41.32456185586379,0.003835,3.9536082474226805e-05,1.99772714883698,0.0,0.0,0.0
180_58.0,0.8912110979153435,92.0,0.03928633898,0.0002123585890810811,10.368742588831243,22.685012680083112,345.90326999999996,1.8697474054054053,91293.36202823222,5.2629850000000005,0.02844856756756757,1389.0461196107103,0.032240000000000005,0.0001742702702702703,8.509020431608546,0.14076,0.0007608648648648648,37.15042543279215,0.006785,3.667567567567568e-05,1.7907476311558308,0.0,0.0,0.0
420_9.6,0.7166576358857714,108.0,0.04792344252,0.00022084535723502303,15.729010205880467,14.95421860786998,421.91577500000005,1.9443123271889404,138477.47953890034,9.912980000000001,0.04568193548387097,3253.5509844815083,0.0553,0.0002548387096774194,18.150078931040653,0.17855,0.000822811059907834,58.60210837499653,0.009155000000000002,4.218894009216591e-05,3.004773464985121,0.0,0.0,0.0
2220_98.1,0.6219429239925838,49.0,0.03685991916000001,0.00037232241575757585,13.940198779683044,16.87314943076461,324.62389500000006,3.279029242424243,122770.79624867404,5.215185,0.052678636363636365,1972.3514654832818,0.031755,0.00032075757575757575,12.009549188844042,0.13681000000000001,0.001381919191919192,51.74071562039847,0.007240000000000001,7.313131313131314e-05,2.7381242679020903,0.0,0.0,0.0
1440_9.11,0.7163016492436659,65.5,0.029851436000000002,0.00022614724242424244,9.802444585734147,23.995550808465826,262.887575,1.991572537878788,86325.52505063845,3.7401,0.02833409090909091,1228.1527426387222,0.02342,0.0001774242424242424,7.690526251329878,0.10732,0.0008130303030303031,35.24113054196082,0.00532,4.0303030303030305e-05,1.7469513090125937,0.0,0.0,0.0
1680_9.10,0.7158180044408475,92.5,0.044140499480000005,0.00023731451333333336,14.504399220726885,16.216807985264953,388.68399500000004,2.0896988978494626,127720.0734156036,6.997920000000001,0.03762322580645162,2299.489733701334,0.04122,0.00022161290322580645,13.5447342672064,0.162585,0.0008741129032258065,53.424808850891615,0.008100000000000001,4.35483870967742e-05,2.661629004472873,0.0,0.0,0.0
1620_32.0,0.9203477444171514,78.0,0.03905254676,0.00024874233605095544,9.980735077514993,23.56690717440809,343.84818500000006,2.190115828025478,87877.94717870955,4.562605,0.029061178343949043,1166.0738043078982,0.029085,0.0001852547770700637,7.4333098303042275,0.138645,0.0008830891719745223,35.43377140871685,0.0068850000000000005,4.385350318471338e-05,1.7596127963432906,0.0,0.0,0.0
3120_98.1,0.6263762791720773,52.5,0.02694026056,0.00025415340150943395,10.116530808601032,23.250564996468515,237.19599,2.2376980188679245,89071.170457589,3.19544,0.03014566037735849,1199.9426336296758,0.02025,0.00019103773584905662,7.604222996207387,0.0959,0.0009047169811320755,36.01209804129819,0.004755,4.485849056603773e-05,1.7855842146649938,0.0,0.0,0.0
3180_8.3,0.6776572946172205,73.5,0.039578249040000006,0.00026742060162162165,13.737622515056863,17.121962468130963,348.54780500000004,2.3550527364864866,120981.05120068365,5.2709150000000005,0.03561429054054054,1829.5362310184437,0.032305,0.00021827702702702703,11.213075517827706,0.14547000000000002,0.0009829054054054055,50.492682110459576,0.00705,4.763513513513513e-05,2.447057186215302,0.0,0.0,0.0
720_120.3,0.7086178279175503,73.5,0.034985618819999995,0.00023638931635135133,11.612951303742763,20.25454606257985,308.1073,2.0818060810810812,102271.59592735949,5.13123,0.034670472972972974,1703.2348184231428,0.03082,0.00020824324324324325,10.230236630164944,0.126805,0.0008567905405405406,42.09101738767247,0.0063950000000000005,4.3209459459459464e-05,2.122724310509566,0.0,0.0,0.0
3180_8.2,0.6761491080678296,77.5,0.03572397956000001,0.00022899986897435902,12.42746280654725,18.927037703965965,314.62804500000004,2.0168464423076924,109451.0851056532,4.934065,0.031628621794871796,1716.43557150738,0.03003,0.00019250000000000002,10.446672310228305,0.13043,0.0008360897435897435,45.37327570506419,0.006275,4.022435897435897e-05,2.182912712177243,0.0,0.0,0.0
1560_120.0,0.706017170162206,70.0,0.03471087994,0.0002461764534751773,11.564196951961904,20.33993869883455,305.72204999999997,2.168241489361702,101853.65524782904,4.228585,0.02998996453900709,1408.7856560432624,0.026600000000000002,0.00018865248226950356,8.861994840058978,0.125145,0.0008875531914893617,41.69302046087145,0.006030000000000001,4.276595744680852e-05,2.008940935547204,0.0,0.0,0.0
720_99.0,0.5152759955289472,43.5,0.024231176700000003,0.00027535428068181823,11.06113550921502,21.26500094933265,213.38787000000002,2.4248621590909094,97408.06958387452,3.17267,0.036053068181818186,1448.2719197050476,0.019620000000000002,0.00022295454545454547,8.956208828719356,0.08828,0.0010031818181818182,40.298374892932955,0.004475000000000001,5.085227272727273e-05,2.042764246101892,0.0,0.0,0.0
2160_47.1,0.4126582001818705,34.0,0.022376689260000002,0.00032429984434782615,12.75470653381689,18.4414323042653,197.039845,2.855649927536232,112312.65578399361,2.9371750000000008,0.04256775362318842,1674.1889172332203,0.018179999999999998,0.0002634782608695652,10.362594845489264,0.080615,0.0011683333333333335,45.9505271435158,0.0040950000000000005,5.934782608695653e-05,2.334148838959216,0.0,0.0,0.0
2400_9.1,0.7137706505029611,133.5,0.05481569,0.0002045361567164179,18.06389159384488,13.02128369638257,482.51035499999995,1.8004117723880595,159005.83839458387,14.046009999999999,0.05241048507462686,4628.70397081677,0.07545500000000001,0.00028154850746268657,24.86534312007321,0.20734,0.0007736567164179104,68.32655546373306,0.01085,4.048507462686567e-05,3.5754949685613178,0.0,0.0,0.0
3120_24.0,0.9231460512696146,97.0,0.03822040496,0.00019600207671794872,9.738453327993147,24.15322527942191,336.54526999999996,1.7258731794871793,85750.80269510184,5.004015000000001,0.025661615384615387,1275.0091628039524,0.030795000000000003,0.00015792307692307693,7.846480709699653,0.13600500000000001,0.0006974615384615385,34.65369731848357,0.00644,3.3025641025641025e-05,1.6408941636780572,0.0,0.0,0.0
3000_47.7,0.4109019263461802,35.0,0.01958571208,0.00027585509971830987,11.211566775283274,20.979677668486392,172.47664500000002,2.4292485211267607,98731.84159431022,2.4389000000000007,0.03435070422535212,1396.1141722368454,0.015290000000000002,0.00021535211267605637,8.752546514207783,0.07014000000000001,0.000987887323943662,40.15066138041424,0.0034950000000000007,4.922535211267606e-05,2.0006638369624725,0.0,0.0,0.0
3900_4.0,0.25946602387220563,172.5,0.056656968839999995,0.0001637484648554913,51.3615307398113,4.579595929407042,498.445165,1.4405929624277456,451858.03597356396,23.948479999999996,0.06921526011560693,21710.137638414402,0.12058,0.00034849710982658963,109.3100019892707,0.222155,0.0006420664739884393,201.39130446115797,0.012240000000000001,3.53757225433526e-05,11.095989586570521,0.0,0.0,0.0
1620_98.5,0.6270200166129545,63.5,0.02347432392,0.000183393155625,8.805962002856647,26.710887127136246,206.745135,1.6151963671875,77556.64483842003,2.34664,0.018333125,880.2989489625958,0.015475000000000001,0.00012089843750000001,5.805162374798082,0.08050000000000002,0.0006289062500000001,30.198098298626537,0.0035600000000000002,2.7812500000000002e-05,1.3354686949454715,0.0,0.0,0.0
2880_98.15,0.6268362403400137,55.5,0.03744241842,0.00033430730732142856,14.049954390002672,16.741339549936416,329.75568999999996,2.9442472321428568,123738.0650035442,5.141325,0.0459046875,1929.2392105632714,0.031445,0.00028075892857142855,11.799473282891485,0.14027,0.0012524107142857144,52.6351444551181,0.00719,6.419642857142857e-05,2.69798737172809,0.0,0.0,0.0
2820_29.6,0.50532316853298,39.5,0.02282313994,0.00028528924925,10.623590008485518,22.1408259276081,200.98032,2.512254,93551.21710103408,2.8892300000000004,0.036115375000000005,1344.862934763069,0.018085000000000004,0.00022606250000000005,8.418106614977038,0.08171500000000001,0.0010214375000000002,38.03625004384011,0.004155,5.1937499999999995e-05,1.93404661239865,0.0,0.0,0.0
3120_98.3,0.6235801158292891,50.5,0.027834482780000003,0.0002728870860784314,10.499195356566874,22.403150824032988,245.120215,2.403139362745098,92459.59565585553,3.32731,0.03262068627450981,1255.064733121602,0.02111,0.0002069607843137255,7.962713578295085,0.09862499999999999,0.0009669117647058823,37.20145081285422,0.004960000000000001,4.8627450980392164e-05,1.8709170700304891,0.0,0.0,0.0
1860_29.10,0.5111359248026051,40.5,0.02354168778,0.00028709375341463416,10.833438165472995,21.711949014838435,207.328235,2.5283931097560974,95408.52103804232,2.9748900000000003,0.03627914634146342,1368.9879487512242,0.018615,0.00022701219512195122,8.566269901073328,0.08409499999999999,0.0010255487804878049,38.69892384264096,0.004275,5.2134146341463415e-05,1.9672739095937943,0.0,0.0,0.0
3780_98.37,0.42655032100246526,49.0,0.022564251379999997,0.0002279217311111111,12.442732816108984,18.90381000543814,198.72322000000003,2.007305252525253,109583.06966073369,2.84311,0.028718282828282825,1567.7922347631468,0.017700000000000004,0.00017878787878787883,9.76041115373929,0.082225,0.0008305555555555556,45.34179701221541,0.00382,3.858585858585859e-05,2.106484215100795,0.0,0.0,0.0
3180_29.4,0.5086152107164035,39.0,0.025294469000000003,0.00032018315189873424,11.697723239291205,20.107763903500146,222.73916,2.8194830379746834,103008.33151437975,3.6043849999999993,0.04562512658227847,1666.890029510112,0.021879999999999997,0.00027696202531645565,10.118662086786305,0.09362999999999998,0.0011851898734177213,43.300289359497334,0.004889999999999999,6.189873417721518e-05,2.2614377332899926,0.0,0.0,0.0
3720_8.1,0.6774355275885219,77.5,0.036125521,0.00023157385256410257,12.54328439959473,18.752270108118907,318.13927500000005,2.0393543269230774,110462.39042492643,4.665525,0.029907211538461535,1619.9353069100152,0.02883,0.00018480769230769231,10.010177825264197,0.13084,0.0008387179487179488,45.429471614900024,0.006200000000000001,3.9743589743589747e-05,2.1527264140353117,0.0,0.0,0.0
3840_103.0,0.49868201331851186,45.5,0.0248916067,0.00027056094239130435,11.740709580425753,20.034143208542336,219.18506,2.382446304347826,103383.76967157342,3.146609999999999,0.03420228260869564,1484.1723404244317,0.019615,0.00021320652173913043,9.251874384631474,0.090045,0.00097875,42.47183425766714,0.00444,4.8260869565217394e-05,2.094230041690734,0.0,0.0,0.0
1920_8.10,0.6740319906424913,68.0,0.030872460780000003,0.0002253464290510949,10.773476223868256,21.832791219517787,271.907505,1.9847263138686133,94886.80092863135,3.922215,0.028629306569343066,1368.724389951251,0.024439999999999996,0.00017839416058394158,8.52875839045248,0.11005999999999999,0.0008033576642335765,38.40733013310965,0.00533,3.8905109489051093e-05,1.8599951808965516,0.0,0.0,0.0
3720_96.1,0.4374320366013758,38.0,0.021876083320000003,0.00028410497818181824,11.763162632777451,19.995902840681616,192.66752499999998,2.502175649350649,103600.7861863325,2.9070899999999997,0.03775441558441558,1563.1944694074696,0.017915,0.00023266233766233767,9.633217038149771,0.07958499999999999,0.0010335714285714284,42.794282890379534,0.003995,5.1883116883116885e-05,2.14818320219974,0.0,0.0,0.0
3840_98.0,0.20816901335942678,23.0,0.01608543308,0.0003422432570212766,18.175308608128738,12.94146152758896,141.62817,3.0133653191489365,160028.99546143404,2.1948750000000006,0.046699468085106395,2480.0408097726254,0.013309999999999999,0.0002831914893617021,15.039281589190107,0.059145,0.001258404255319149,66.8293245373891,0.0028550000000000003,6.0744680851063835e-05,3.225931550498705,0.0,0.0,0.0
360_47.2,0.41096432492904145,31.0,0.02478990048,0.00039349048380952383,14.188476963338124,16.577893294109803,218.29575499999999,3.465011984126984,124941.37657030248,3.556945,0.056459444444444444,2035.8142314075444,0.0216,0.00034285714285714285,12.362740328681767,0.09029999999999999,0.0014333333333333331,51.68312276296126,0.004795,7.61111111111111e-05,2.7444138831494933,0.0,0.0,0.0
780_9.3,0.718738151820294,119.0,0.05911508930000001,0.000247343469874477,19.346070707671714,12.158285817226938,520.430825,2.1775348326359834,170316.77796859766,12.409295,0.05192173640167364,4061.079858714804,0.06902,0.0002887866108786611,22.587562939594534,0.22192499999999998,0.0009285564853556484,72.62742546174321,0.011495,4.809623430962343e-05,3.76186664721297,0.0,0.0,0.0
1620_9.4,0.7141605136648779,70.5,0.027432941340000003,0.00019318972774647888,9.03528092124531,26.032954498523264,241.58911,1.7013317605633804,79569.50183759023,2.99536,0.02109408450704225,986.5482058535015,0.019389999999999998,0.00013654929577464788,6.3862673306378515,0.09614500000000001,0.0006770774647887325,31.66620281094256,0.00444,3.126760563380282e-05,1.4623531174848925,0.0,0.0,0.0
2280_48.1,0.49343361023901744,35.0,0.027550497880000004,0.00038803518140845077,13.133057411620296,17.910152200814505,242.563535,3.4163878169014086,115627.70462428278,4.039825,0.05689894366197184,1925.7457302219527,0.024399999999999995,0.00034366197183098584,11.631245367662123,0.10161499999999998,0.0014311971830985913,48.438893362089615,0.005465000000000001,7.697183098591551e-05,2.605112948125964,0.0,0.0,0.0
1800_120.0,0.707017916329157,55.0,0.0352207319,0.000317303890990991,11.717449125082336,20.073913237707504,310.17495500000007,2.7943689639639646,103190.90657758886,4.761915,0.04290013513513514,1584.2230907889352,0.0293,0.00026396396396396397,9.74770372006132,0.128125,0.0011542792792792792,42.62541089190637,0.006670000000000001,6.0090090090090094e-05,2.2190165123825603,0.0,0.0,0.0
240_98.7,0.6287632697333229,49.0,0.028592656420000005,0.00028881471131313137,10.69627256605212,21.990376147545188,251.81533000000002,2.543589191919192,94201.99950733926,3.832965,0.038716818181818186,1433.880006597091,0.023629999999999998,0.00023868686868686867,8.839784489524236,0.10401999999999999,0.0010507070707070705,38.91300815066911,0.005415,5.4696969696969694e-05,2.0257060097661332,0.0,0.0,0.0
840_8.10,0.6746179460820723,56.5,0.03293300238000001,0.0002888859857894737,11.482555541860071,20.484556442742168,289.96671000000003,2.5435676315789477,101100.9811509761,4.118705,0.03612899122807018,1436.0445603270496,0.025825,0.00022653508771929825,9.004250309368127,0.11807999999999999,0.0010357894736842104,41.170256593618134,0.005975,5.241228070175439e-05,2.0832679805798473,0.0,0.0,0.0
3060_120.4,0.7038495639157363,106.0,0.03866289306,0.00018151592985915494,12.920508962634589,18.204782627711,340.43962999999997,1.5983081220657276,113769.37788449613,7.324025000000001,0.03438509389671362,2447.5698315748286,0.041569999999999996,0.00019516431924882627,13.892016739233634,0.14192,0.0006662910798122065,47.42735183141779,0.00723,3.3943661971830985e-05,2.4161482084353905,0.0,0.0,0.0
2880_120.1,0.7055553769706387,101.0,0.04462261338,0.0002198158294581281,14.87609746435267,15.811610381539664,392.87188000000003,1.9353294581280789,130973.95995419097,9.754835000000002,0.048053374384236465,3252.0254914903576,0.053915000000000005,0.0002655911330049261,17.9739538776107,0.16541,0.0008148275862068966,55.14368377808747,0.008775,4.3226600985221674e-05,2.9253722577396624,0.0,0.0,0.0
180_9.8,0.7147301407550465,95.5,0.04523152984000001,0.00023558088458333336,14.88552989102237,15.801591130861613,398.29103,2.0744324479166667,131076.11114112797,7.870700000000001,0.04099322916666667,2590.2183836740587,0.045435,0.000236640625,14.952491171335566,0.16657,0.0008675520833333333,54.81757355363409,0.00841,4.3802083333333335e-05,2.767700027532346,0.0,0.0,0.0
3840_9.10,0.7121888553880743,117.0,0.052940068800000004,0.0002252768885106383,17.484549514755557,13.452737624475363,466.07211,1.983285574468085,153929.92622521106,10.225945,0.04351465957446808,3377.3292279451475,0.057675,0.0002454255319148936,19.048358192982302,0.198185,0.0008433404255319149,65.45468345862501,0.00995,4.23404255319149e-05,3.2861927008265956,0.0,0.0,0.0
3900_46.0,0.721224497141011,94.5,0.04262018962,0.0002243167874736842,13.899847238963323,16.92213252853686,375.25494499999996,1.9750260263157893,122382.99401460015,7.480600000000001,0.039371578947368424,2439.6699822986157,0.043055,0.00022660526315789476,14.041653221381559,0.15751,0.0008290000000000001,51.369197512479616,0.00789,4.152631578947368e-05,2.5731888030821155,0.0,0.0,0.0
3120_99.0,0.5138559677196228,54.5,0.02624020476,0.000238547316,12.011325446775405,19.582772787769315,231.06169000000006,2.1005608181818185,105767.35899190183,3.3382450000000006,0.030347681818181822,1528.0653288648641,0.020704999999999998,0.00018822727272727272,9.477612528183823,0.095595,0.0008690454545454546,43.75814390880138,0.004569999999999999,4.154545454545454e-05,2.0918951583578873,0.0,0.0,0.0
300_47.0,0.40901457250903833,32.0,0.02374377936,0.00036528891323076923,13.654512072201126,17.226178120492705,209.11327,3.217127230769231,120256.32593616104,3.35674,0.051642153846153845,1930.3854773202538,0.020435,0.00031438461538461535,11.751707677401106,0.0875,0.001346153846153846,50.319276817841775,0.00457,7.030769230769231e-05,2.628103943514708,0.0,0.0,0.0
240_47.7,0.4080492424157575,31.5,0.02321807708,0.000362782454375,13.383780089601183,17.574635531176277,204.47152,3.1948675,117865.1379628588,3.2426200000000005,0.05066593750000001,1869.1691325086508,0.019799999999999998,0.00030937499999999997,11.413470842612233,0.08438499999999999,0.0013185156249999998,48.64271399261784,0.00443,6.921875e-05,2.553619991554151,0.0,0.0,0.0
1920_120.0,0.704602882719601,74.0,0.03200575866,0.00021480374939597316,10.684367798520027,22.014878328761384,281.847885,1.8915965436241613,94088.27013179057,4.28361,0.028749060402684566,1429.9821863812792,0.026295,0.0001764765100671141,8.777965685694015,0.11371500000000001,0.0007631879194630873,37.96107122832078,0.005525,3.708053691275168e-05,1.8443909645734717,0.0,0.0,0.0
60_29.0,0.5106617921495886,48.5,0.04031793064,0.0004114074555102041,18.5707732663715,12.665873075414087,354.99449500000003,3.6223928061224493,163513.40886812567,6.122075,0.062470153061224484,2819.8785240214233,0.03658,0.000373265306122449,16.849051409645202,0.15140499999999998,0.0015449489795918367,69.73839881567338,0.007905,8.066326530612246e-05,3.6411085673385823,0.0,0.0,0.0
2700_9.18,0.7128144348531613,117.5,0.06306181898,0.00026721109737288135,20.80918767523016,11.303423313546185,555.17723,2.3524458898305087,183197.81063956267,13.876405,0.05879832627118644,4578.946826669891,0.076515,0.00032421610169491524,25.248478726489083,0.23843,0.0010102966101694915,78.6773153336835,0.012410000000000001,5.258474576271187e-05,4.095061373531066,0.0,0.0,0.0
2280_9.1,0.7168868924476721,67.5,0.03880158336,0.00028530576,12.731041314749941,18.475712338757305,341.70623,2.5125458088235293,112115.94360146867,5.10304,0.03752235294117647,1674.3392265222637,0.031465,0.00023136029411764705,10.323862592204454,0.14071,0.0010346323529411765,46.16782791511485,0.00703,5.1691176470588234e-05,2.3065868114793364,0.0,0.0,0.0
1980_32.0,0.9223391091623611,83.0,0.0356169899,0.0002132753886227545,9.083050073432222,25.896043201628363,313.615215,1.8779354191616766,79978.19887736252,3.95289,0.02367,1008.0665970250758,0.025555,0.0001530239520958084,6.5170399092754465,0.125925,0.0007540419161676647,32.11341227061281,0.0060750000000000005,3.637724550898204e-05,1.5492474055507077,0.0,0.0,0.0
3960_133.0,0.5133893140745552,57.5,0.028187152400000002,0.00024299269310344829,12.91425917837994,18.213592731508246,248.239415,2.139994956896552,113733.6648309113,4.03431,0.03477853448275862,1848.3642549834149,0.024350000000000004,0.0002099137931034483,11.156224883275245,0.10379500000000001,0.0008947844827586208,47.554840318667516,0.0050550000000000005,4.3577586206896555e-05,2.3160047960967702,0.0,0.0,0.0
2640_46.0,0.7239131882617094,70.5,0.04883747764,0.00034392589887323943,15.868353109437445,14.822902886139092,430.131385,3.0290942605633804,139758.9931024821,7.013025000000001,0.04938750000000001,2278.683552939376,0.042429999999999995,0.0002988028169014084,13.7864249950938,0.18434499999999998,0.0012982042253521125,59.89767889984837,0.009434999999999999,6.644366197183098e-05,3.0656356311267974,0.0,0.0,0.0
2580_98.6,0.6273485429200637,62.0,0.02296579282,0.00018372634256,8.610684332595616,27.31665080483225,202.189875,1.617519,75808.10305646423,2.35275,0.018822,882.128813156921,0.015425,0.0001234,5.783375600019342,0.07935,0.0006348,29.751108840293988,0.0035549999999999996,2.8439999999999995e-05,1.3328946682702598,0.0,0.0,0.0
2040_48.3,0.489593706006034,37.0,0.02478329618,0.00033044394906666665,11.90661635289901,19.754987490369977,218.23639500000002,2.9098186000000004,104847.1119673609,3.2355300000000002,0.0431404,1554.4427233768922,0.020105000000000005,0.0002680666666666667,9.659026791126161,0.08881000000000001,0.0011841333333333336,42.66690720317902,0.004614999999999999,6.153333333333333e-05,2.2171802358143355,0.0,0.0,0.0
3000_8.4,0.6782499227520853,73.5,0.02794147244,0.00018879373270270272,9.690019585820222,24.27395063765957,246.071015,1.6626419932432432,85336.69655287005,3.35371,0.022660202702702702,1163.0566590556218,0.021045,0.00014219594594594597,7.298343443477689,0.098355,0.0006645608108108108,34.10922163854826,0.00451,3.0472972972972975e-05,1.5640545939693222,0.0,0.0,0.0
1140_98.7,0.6237856885396005,63.0,0.03224351346,0.00025388593275590547,12.158278073817979,19.346083028868545,283.94318000000004,2.235773070866142,107068.36101738372,4.1174800000000005,0.032421102362204725,1552.6058245944037,0.025605,0.00020161417322834646,9.655049238548747,0.11702000000000001,0.0009214173228346457,44.12551696524017,0.005725,4.507874015748031e-05,2.1587641824132624,0.0,0.0,0.0
2520_101.0,0.580949995588071,57.0,0.025986599640000003,0.00022597043165217394,10.521455486161143,22.355752720099666,228.83946,1.989908347826087,92652.52958147906,3.386705,0.029449608695652173,1371.209253842161,0.020894999999999997,0.00018169565217391302,8.459968423299918,0.0944,0.0008208695652173912,38.220675719526795,0.004585,3.9869565217391304e-05,1.8563749806571013,0.0,0.0,0.0
3360_41.1,0.6902673028672025,59.5,0.029662553020000003,0.00024718794183333333,10.10779313097002,23.27066393785421,261.22362499999997,2.1768635416666666,89014.40009704491,3.66134,0.030511166666666666,1247.6359427724597,0.022965,0.000191375,7.8255391265956,0.10612500000000001,0.0008843750000000001,36.163089040276866,0.005295,4.4125e-05,1.8043209090060397,0.0,0.0,0.0
3300_24.0,0.9282795130800484,90.0,0.043350625200000006,0.00023950621657458566,10.984536056479259,21.4132900920665,381.711245,2.108901906077348,96721.11796593161,6.058185000000001,0.03347063535911603,1535.0724761709273,0.036835,0.00020350828729281769,9.333553640200174,0.15403999999999998,0.000851049723756906,39.031915372239304,0.00769,4.2486187845303866e-05,1.9485551104422245,0.0,0.0,0.0
540_26.0,0.4926453671132536,72.0,0.034759751760000006,0.00023972242593103452,16.596151188964825,14.172867818928678,306.08162500000003,2.11090775862069,146139.62032115602,6.064455000000001,0.0418238275862069,2895.4928318703755,0.034945000000000004,0.00024100000000000003,16.68459853518746,0.12990999999999997,0.0008959310344827584,62.02593205626563,0.006325000000000001,4.362068965517242e-05,3.019890849479488,0.0,0.0,0.0
1500_98.11,0.621999671364687,51.0,0.02881984434,0.00027980431398058256,10.898496645975563,21.58233972490245,253.82826999999995,2.4643521359223297,95987.56039807184,3.54831,0.034449611650485434,1341.826977885806,0.02231,0.00021660194174757282,8.43673745434653,0.10247500000000002,0.0009949029126213595,38.751890212199044,0.005195000000000001,5.0436893203883506e-05,1.9645383718211666,0.0,0.0,0.0
3900_3.0,0.24280037770211615,164.0,0.05805047614,0.00017644521623100306,56.23692264987137,4.182573405884835,510.75059,1.5524334042553192,494794.24344315403,23.52365,0.07150045592705168,22788.748231835718,0.11897,0.0003616109422492401,115.25326117084278,0.22795499999999996,0.0006928723404255318,220.83346347986432,0.01255,3.814589665653496e-05,12.157925760225911,0.0,0.0,0.0
720_96.0,0.4403384648850077,41.0,0.02552958208,0.00030758532626506025,13.637105512371178,17.248165814275943,224.847375,2.7090045180722893,120106.44621781012,3.5034199999999998,0.042209879518072285,1871.4175596152736,0.02144,0.0002583132530120482,11.452578474219898,0.0936,0.001127710843373494,49.998197070288356,0.004730000000000001,5.698795180722892e-05,2.5266182921203413,0.0,0.0,0.0
2400_29.4,0.5109669099952757,56.5,0.03713069546,0.00032570785491228073,17.092493627467228,13.761307286736065,326.99775,2.8684013157894737,150527.93622172356,5.576485,0.048916535087719294,2567.041450350647,0.033370000000000004,0.00029271929824561406,15.361320473058049,0.138705,0.0012167105263157895,63.85052311104332,0.00719,6.307017543859649e-05,3.3097960503831985,0.0,0.0,0.0
2400_120.2,0.7033196404617058,103.0,0.04805420766,0.0002321459307246377,16.071033067442436,14.635963731582747,423.10445,2.043982850241546,141501.14918224092,10.045275,0.04852789855072464,3359.4965884940125,0.05585,0.00026980676328502415,18.678222793043552,0.17927500000000002,0.0008660628019323672,59.955924641412416,0.00913,4.410628019323671e-05,3.053396134297003,0.0,0.0,0.0
2880_98.20,0.626368830289827,52.5,0.034544451579999996,0.0003258910526415094,12.972189480216805,18.132255735461502,304.198755,2.8697995754716983,114233.21862173414,4.416785,0.04166778301886792,1658.5983940341769,0.02748,0.00025924528301886796,10.319334961529524,0.12564,0.0011852830188679245,47.18054019529001,0.006370000000000001,6.009433962264152e-05,2.392072915027041,0.0,0.0,0.0
3240_120.4,0.704875402341031,109.0,0.03769998612,0.00017214605534246575,12.580385637788691,18.69696715795584,332.006035,1.5160092922374429,110789.53560031627,6.34426,0.028969223744292238,2117.0627790776834,0.036945000000000006,0.00016869863013698632,12.328448766763188,0.137845,0.0006294292237442922,45.998511848815035,0.006900000000000001,3.1506849315068496e-05,2.3025117469391256,0.0,0.0,0.0
2880_120.10,0.7013059744837717,89.5,0.041698229340000004,0.0002316568296666667,13.98540972443575,16.81860322570166,367.19314999999995,2.0399619444444443,123155.02917122653,7.292185,0.04051213888888889,2445.7680008381985,0.04219500000000001,0.00023441666666666674,14.15202450230868,0.153495,0.00085275,51.48157366943642,0.008125,4.5138888888888894e-05,2.7250906287772954,0.0,0.0,0.0
3300_98.10,0.6247804810149872,63.0,0.02245858258,0.00017683923291338582,8.455124551028268,27.81923030046303,197.798195,1.5574661023622047,74466.33681071679,2.336195,0.01839523622047244,879.5220994079978,0.015240000000000002,0.00012000000000000002,5.737499136406801,0.077815,0.0006127165354330708,29.295504940911755,0.0034900000000000005,2.7480314960629925e-05,1.313902361290009,0.0,0.0,0.0
3300_98.11,0.6270128421680283,52.5,0.029179118260000005,0.0002752747005660378,10.946136197216065,21.488409505079687,256.94451499999997,2.424004858490566,96389.12427909758,3.83066,0.03613830188679245,1437.0182714776688,0.023725000000000003,0.00022382075471698117,8.900100371948358,0.10551999999999999,0.0009954716981132074,39.5843452580818,0.005365000000000001,5.061320754716982e-05,2.012604362297279,0.0,0.0,0.0
2640_47.0,0.4109959681367821,59.0,0.031818196539999996,0.00026737980285714284,18.20971371090567,12.91701016492565,280.14359999999994,2.3541478991596634,160327.5895140496,6.470650000000001,0.05437521008403362,3703.185498755229,0.03620500000000001,0.00030424369747899166,20.72030336711661,0.119555,0.0010046638655462185,68.42192705581067,0.006125000000000001,5.147058823529413e-05,3.5053682674655224,0.0,0.0,0.0
1500_29.4,0.5086185837882192,53.5,0.03543603208,0.00032811140814814816,16.38769910285553,14.353147176296925,312.06270499999994,2.88946949074074,144316.09326963814,5.241420000000001,0.048531666666666674,2423.939950098641,0.0315,0.0002916666666666667,14.567447071233977,0.1318,0.0012203703703703704,60.95204838059169,0.00676,6.259259259259259e-05,3.12622038735053,0.0,0.0,0.0
2400_120.0,0.7059096094990567,62.5,0.028405094300000003,0.00022543725634920636,9.464817857579149,24.851514381314924,250.12816,1.985144126984127,83344.82013852755,3.29032,0.026113650793650793,1096.3624751335476,0.021034999999999998,0.00016694444444444444,7.009040052163367,0.10076999999999998,0.0007997619047619047,33.577416974399924,0.0049,3.888888888888889e-05,1.63272147637749,0.0,0.0,0.0
3180_9.2,0.7110615332654324,69.5,0.040916280220000004,0.00029225914442857143,13.534869681727383,17.378450080070166,360.317775,2.5736983928571426,119191.04333074606,5.34352,0.038168,1767.605619397234,0.03303500000000001,0.00023596428571428577,10.927787607567229,0.15106999999999998,0.0010790714285714284,49.97308532995856,0.00749,5.35e-05,2.477648832470971,0.0,0.0,0.0
2880_48.2,0.49171465560901184,35.5,0.02790448836,0.00038756233833333334,13.348302207771987,17.621346403679837,245.73794500000002,3.413027013888889,117550.42097381254,3.99106,0.05543138888888889,1909.1507546046425,0.024265000000000002,0.0003370138888888889,11.607328143521185,0.10164000000000001,0.0014116666666666668,48.62018679198406,0.00546,7.583333333333332e-05,2.6118282160983166,0.0,0.0,0.0
720_101.0,0.5795442844635006,54.0,0.026871575840000002,0.00024652821871559634,10.90615405091151,21.567186379922425,236.69133,2.171480091743119,96064.03892594088,3.328275,0.030534633027522937,1350.8206623209896,0.020885,0.00019160550458715596,8.476429842057483,0.09668,0.0008869724770642202,39.238747288968995,0.0047350000000000005,4.344036697247707e-05,1.921757017100416,0.0,0.0,0.0
2700_98.20,0.622057792871276,56.5,0.030795850900000005,0.00027013904298245616,11.644654099709149,20.199402669249707,271.20186,2.3789636842105266,102547.96534612867,3.650595,0.032022763157894735,1380.378031156389,0.023095,0.00020258771929824562,8.732776610266765,0.11055500000000001,0.0009697807017543861,41.803512368393264,0.00541,4.745614035087719e-05,2.0456515029895304,0.0,0.0,0.0
3780_46.2,0.7207492337428093,54.0,0.029760296659999998,0.00027303024458715593,9.712212723373312,24.218482832247727,262.06252500000005,2.4042433486238535,85523.57588038698,3.5762799999999997,0.03280990825688073,1167.1117568202867,0.022705,0.000208302752293578,7.409730904348823,0.104945,0.0009627981651376147,34.248588846372485,0.00538,4.9357798165137616e-05,1.7557521367714897,0.0,0.0,0.0
720_98.15,0.6270211713786356,53.5,0.02418758832,0.00022395915111111112,9.07351334786912,25.92326126454576,213.03611999999998,1.9725566666666665,79916.44527866876,2.83259,0.026227685185185187,1062.5922201920707,0.018045,0.00016708333333333332,6.76923826369715,0.08594,0.0007957407407407407,32.23875513339613,0.00421,3.898148148148148e-05,1.5793013627134942,0.0,0.0,0.0
2040_96.1,0.4402426753678492,44.0,0.01939814996,0.0002179567411235955,10.364140520325323,22.695085679595874,170.80543,1.9191621348314607,91258.77889411832,2.402015,0.026988932584269664,1283.3605804297654,0.015045000000000001,0.00016904494382022472,8.038317800915406,0.069745,0.0007836516853932584,37.26370721334962,0.00333,3.7415730337078656e-05,1.7791690446692123,0.0,0.0,0.0
120_98.5,0.6272150237781082,52.5,0.0243566584,0.00022977979622641512,9.134112830896042,25.751275625646095,214.48463,2.0234399056603776,80434.95863591,3.020275,0.028493160377358488,1132.6485011726625,0.01897,0.0001789622641509434,7.114035002523085,0.08718000000000001,0.0008224528301886793,32.69380977965011,0.0043300000000000005,4.084905660377359e-05,1.62381505329072,0.0,0.0,0.0
3900_9.4,0.7138922703849576,72.5,0.03883064228,0.00026596330328767126,12.794019658394735,18.3847659597599,341.98709500000007,2.342377363013699,112678.7856043495,4.900785,0.033567020547945206,1614.7232172840083,0.030485,0.00020880136986301372,10.044276024943553,0.14143499999999998,0.0009687328767123286,46.60036672422146,0.00686,4.698630136986301e-05,2.260250402857562,0.0,0.0,0.0
360_96.0,0.4370994647287655,40.5,0.022638219539999997,0.0002760758480487805,12.182238898740655,19.308031886361217,199.37771,2.4314354878048783,107290.54420610298,2.76037,0.03366304878048781,1485.4298382211357,0.017315,0.00021115853658536585,9.317670329991618,0.08170500000000001,0.0009964024390243904,43.967672787292244,0.003975000000000001,4.8475609756097576e-05,2.139055129177978,0.0,0.0,0.0
1680_9.0,0.7128965949336454,122.0,0.05219642462,0.00021304663110204082,17.2218314477554,13.657958377871083,459.40746999999993,1.8751325306122446,151578.16022418096,12.86496,0.05251004081632653,4244.7001746786555,0.069495,0.0002836530612244898,22.929370836698535,0.19533,0.000797265306122449,64.44771574260486,0.010075,4.112244897959184e-05,3.3241731229547127,0.0,0.0,0.0
3060_98.34,0.6239132447807105,50.5,0.028773614240000002,0.000282094257254902,10.847641676421356,21.683520171524705,253.40274,2.4843405882352942,95532.7370560927,3.7295149999999997,0.036563872549019605,1406.0257432171159,0.023145,0.00022691176470588235,8.725656238615514,0.10412000000000002,0.0010207843137254903,39.25320058607248,0.00532,5.215686274509804e-05,2.0056379861496887,0.0,0.0,0.0
1140_41.0,0.6913957697375256,61.5,0.03377571106,0.00027238476661290323,11.490605169203324,20.470206193714567,297.465015,2.3989114112903227,101198.55161433111,4.149995,0.033467701612903224,1411.8416016307533,0.02611,0.00021056451612903228,8.882705694483722,0.12187500000000001,0.0009828629032258066,41.462265665078654,0.00606,4.887096774193549e-05,2.061631425069757,0.0,0.0,0.0
2700_98.19,0.6224523375492906,56.0,0.02607113468,0.00023071800601769912,9.851876300554013,23.87515331378322,229.578765,2.031670486725664,86754.24456109475,3.143595,0.02781942477876106,1187.9156568815704,0.019864999999999997,0.0001757964601769911,7.506674531532336,0.09346499999999999,0.0008271238938053096,35.318969800637795,0.00457,4.0442477876106196e-05,1.7269319209213578,0.0,0.0,0.0
3480_9.4,0.7125537925165069,116.5,0.05603352292000001,0.0002394594996581197,18.49674850066766,12.716562432346645,493.27629,2.1080183333333333,162831.2303422168,13.283385,0.05676660256410257,4384.864966161961,0.07226,0.00030880341880341883,23.85313250010169,0.21009499999999998,0.0008978418803418803,69.35266914764551,0.010955,4.681623931623931e-05,3.616261645981373,0.0,0.0,0.0
1620_29.1,0.5093437263542706,41.5,0.022770305540000004,0.000271075065952381,10.515332654053097,22.368769951703975,200.53066,2.3872697619047623,92605.1077150728,2.8560750000000006,0.03400089285714286,1318.9361318480007,0.017910000000000002,0.00021321428571428574,8.270842369824914,0.08153,0.0009705952380952382,37.65057389234088,0.0040999999999999995,4.8809523809523805e-05,1.8933810003507614,0.0,0.0,0.0
3240_121.0,0.8131627903285583,169.5,0.05101029234,0.0001500302715882353,14.755211340652675,15.941151344684851,449.141885,1.3210055441176471,129918.55429766627,11.191415,0.03291592647058823,3237.2230377605874,0.061549999999999994,0.00018102941176470586,17.803921843141744,0.190365,0.0005598970588235294,55.06488353646919,0.00939,2.761764705882353e-05,2.716146646744127,0.0,0.0,0.0
3780_98.31,0.6257022678253938,53.0,0.02540145866,0.00023739680990654208,9.548959395665841,24.63253296593928,223.668585,2.0903606074766357,84081.87359784613,2.8375,0.026518691588785046,1066.6778096436226,0.01834,0.0001714018691588785,6.89440388682433,0.08888999999999998,0.0008307476635514017,33.41567947109131,0.004355,4.0700934579439256e-05,1.637138981849507,0.0,0.0,0.0
4020_9.12,0.04182621725045298,8.5,0.0041739176,0.00023188431111111112,23.472556955205008,10.020853610155834,36.763329999999996,2.042407222222222,206743.266155517,0.88337,0.04907611111111111,4967.743646285553,0.00489,0.0002716666666666667,27.49953748750394,0.01585,0.0008805555555555555,89.13449267422033,0.0007499999999999999,4.166666666666666e-05,4.217720473543548,0.0,0.0,0.0
2640_29.7,0.50742127845665,37.0,0.0258690431,0.00034492057466666665,11.991591027683263,19.614999924626126,227.832475,3.0377663333333333,105611.7094267345,3.632355,0.0484314,1683.7776124529491,0.022164999999999997,0.00029553333333333327,10.274582407286626,0.09398999999999999,0.0012531999999999999,43.56905032532686,0.005,6.666666666666667e-05,2.3177492459478066,0.0,0.0,0.0
1560_50.0,0.6886649587729089,57.0,0.02908401634,0.0002529044899130435,9.933710837300087,23.67846829413894,256.15153000000004,2.2274046086956525,87489.12804221039,3.50609,0.03048773913043478,1197.512882072238,0.02222,0.00019321739130434781,7.58929070264743,0.10451500000000001,0.0009088260869565218,35.69733203362719,0.00522,4.539130434782609e-05,1.7829026763195133,0.0,0.0,0.0
3240_99.0,0.5134904138838203,51.0,0.021457370700000002,0.0002083239873786408,9.828998824596251,23.93072390196532,188.930625,1.834277912621359,86543.63654421252,2.4654149999999997,0.023936067961165045,1129.3350651364738,0.01578,0.00015320388349514562,7.22836006427054,0.07592499999999999,0.000737135922330097,34.77903915587711,0.0035500000000000006,3.4466019417475737e-05,1.6261519789708763,0.0,0.0,0.0
840_32.0,0.9216402218182135,76.0,0.03635667150000001,0.00023762530392156867,9.278714579230064,25.34996147318418,320.15869,2.0925404575163395,81708.83037437015,4.2433250000000005,0.02773415032679739,1082.953964636488,0.027125000000000003,0.00017728758169934642,6.922667080830419,0.128225,0.0008380718954248366,32.724755260441675,0.00642,4.1960784313725496e-05,1.6384708814352549,0.0,0.0,0.0
2460_128.0,0.7041263484168329,68.0,0.03710691998,0.00027085343051094893,12.395653594954064,18.97560748227945,326.78089500000004,2.3852620072992705,109161.92392287732,4.755095,0.03470872262773723,1588.4506303101175,0.029525000000000003,0.00021551094890510952,9.86289545422462,0.136345,0.0009952189781021897,45.546366831710614,0.006695,4.886861313868613e-05,2.236480442541366,0.0,0.0,0.0
720_98.22,0.6240806046087028,54.5,0.024795183920000005,0.00022541076290909096,9.345268156999675,25.169428330205452,218.36475000000002,1.985134090909091,82301.35139833213,2.6833400000000003,0.024394000000000002,1011.346878382159,0.017464999999999994,0.00015877272727272723,6.5825326760471645,0.08617000000000001,0.0007833636363636365,32.477345588032314,0.004135,3.759090909090909e-05,1.5584753859407403,0.0,0.0,0.0
1740_47.1,0.40897690006890797,32.5,0.02259198944,0.00034230287030303033,12.993340419301704,18.102739519911353,198.986385,3.0149452272727273,114443.12356721917,3.0931100000000002,0.046865303030303035,1778.941659435651,0.01896,0.00028727272727272727,10.904472800159043,0.08227999999999999,0.0012466666666666665,47.32173111798977,0.004255000000000001,6.446969696969699e-05,2.4471799453943426,0.0,0.0,0.0
720_98.9,0.6220356775896894,52.0,0.02627058454,0.00025019604323809523,9.933894895995985,23.6780295711566,231.337375,2.2032130952380955,87477.35191299286,2.995505,0.02852861904761905,1132.7129697141659,0.019254999999999998,0.00018338095238095236,7.281038833801398,0.09232499999999999,0.0008792857142857142,34.911550783210295,0.004535,4.319047619047619e-05,1.7148538619210258,0.0,0.0,0.0
3060_98.21,0.6259236039452158,50.0,0.030712636720000002,0.0003040855120792079,11.54146377350269,20.380002200775415,270.47105000000005,2.677931188118812,101639.98141271391,4.066235,0.040259752475247525,1528.0454223094364,0.025154999999999997,0.000249059405940594,9.452966343114422,0.11078500000000001,0.001096881188118812,41.63175815233279,0.005745000000000002,5.68811881188119e-05,2.1589064456844516,0.0,0.0,0.0
3840_29.9,0.5063144577845142,49.5,0.03582040234,0.0003582040234,16.640840197936345,14.13480655461879,315.446745,3.1544674500000003,146544.94454525932,5.08687,0.0508687,2363.1725287225363,0.030855000000000004,0.00030855000000000005,14.334097072214128,0.13342500000000002,0.0013342500000000001,61.98434295446994,0.006755,6.755e-05,3.1381243144646382,0.0,0.0,0.0
2400_98.13,0.624899095873514,53.0,0.0280946922,0.0002625672168224299,10.574978702616383,22.242603386611012,247.40147000000002,2.3121632710280378,93123.11584057812,3.3137800000000004,0.03096990654205608,1247.3228991331011,0.021095000000000003,0.0001971495327102804,7.940260535464867,0.10026,0.0009370093457943925,37.738351329021455,0.004965000000000001,4.640186915887851e-05,1.868850133139752,0.0,0.0,0.0
480_48.0,0.48906169018558737,40.5,0.023100520540000002,0.0002817136651219512,11.1102348987709,21.171024667550082,203.42351,2.4807745121951217,97836.88536883814,2.768075,0.03375701219512195,1331.3104098309318,0.017560000000000003,0.00021414634146341466,8.445512060414247,0.08180000000000001,0.0009975609756097562,39.34185003085908,0.004075,4.9695121951219506e-05,1.959878225864923,0.0,0.0,0.0
1500_48.4,0.49273538514560133,37.5,0.02582017128,0.00033973909578947366,12.3256685944518,19.083350757137246,227.36683,2.9916688157894735,108537.16520934952,3.583495,0.04715125,1710.6382177289358,0.021915000000000004,0.0002883552631578948,10.46147309861731,0.094855,0.001248092105263158,45.28053984801938,0.004965000000000001,6.532894736842107e-05,2.3701215575922854,0.0,0.0,0.0
3660_29.3,0.5048059218096492,77.0,0.0364887575,0.00023541133870967745,17.001989890004676,13.834560461798382,321.30361500000004,2.072926548387097,149711.88903464182,6.750824999999999,0.043553709677419346,3145.556775924496,0.03841,0.0002478064516129032,17.897195641015713,0.136765,0.0008823548387096774,63.72585164914123,0.006869999999999999,4.4322580645161286e-05,3.201086541363654,0.0,0.0,0.0
3180_47.10,0.40547288916986146,31.0,0.024289294540000003,0.0003855443577777778,14.090233785895217,16.693481504871297,213.92672,3.395662222222222,124099.01378098015,3.4904500000000005,0.05540396825396826,2024.8120601850121,0.02114,0.0003355555555555555,12.263326205019737,0.089535,0.0014211904761904763,51.93930519235773,0.00473,7.507936507936507e-05,2.743875730829866,0.0,0.0,0.0
3480_9.12,0.7160569737539998,91.5,0.04377726298,0.00023791990750000002,14.380240384673401,16.35682372562068,385.470245,2.0949469836956522,126621.7759381482,6.84619,0.037207554347826084,2248.8810678759155,0.04047,0.00021994565217391303,13.29384910686649,0.16196,0.0008802173913043477,53.2016753483592,0.008055,4.3777173913043476e-05,2.645958847437845,0.0,0.0,0.0
2340_9.8,0.713112462932773,69.0,0.031046814300000003,0.00022335837625899282,10.240570145756973,22.968941548787917,273.40590999999995,1.966948992805755,90180.98837984538,3.8829149999999997,0.02793464028776978,1280.7518041395936,0.024279999999999996,0.00017467625899280574,8.008584737113567,0.11021500000000001,0.0007929136690647483,36.35363125209935,0.00538,3.8705035971223026e-05,1.77455460814131,0.0,0.0,0.0
2700_98.33,0.6248384836162677,68.5,0.02237008496,0.00016210206492753624,8.421025511806675,27.93187798497604,196.99318499999998,1.427486847826087,74156.38516810763,2.176615,0.015772572463768116,819.3679405847499,0.014310000000000002,0.00010369565217391305,5.3868760574413805,0.07627,0.0005526811594202899,28.711183571003083,0.0032200000000000006,2.333333333333334e-05,1.2121412232677322,0.0,0.0,0.0
900_120.2,0.7089078733309602,59.0,0.03263977146000001,0.0002742837937815127,10.829849683791288,21.71914329117548,287.470315,2.4157169327731096,95382.41723957621,4.14912,0.03486655462184874,1376.6746490574876,0.025890000000000003,0.00021756302521008406,8.590280990691607,0.11757000000000001,0.000987983193277311,39.00963059388228,0.005935000000000001,4.987394957983194e-05,1.9692281838452952,0.0,0.0,0.0
3060_29.9,0.5053097418760417,40.0,0.022841631980000002,0.0002819954565432099,10.632480091479744,22.122313428326308,201.11218500000004,2.482866481481482,93615.08429164752,2.89818,0.03578,1349.0647769172563,0.018125000000000002,0.00022376543209876547,8.436949769036179,0.081675,0.0010083333333333333,38.018641235091295,0.004175,5.1543209876543205e-05,1.9434077399021266,0.0,0.0,0.0
3240_98.6,0.6258230776341682,53.0,0.031810271380000005,0.0002972922558878505,11.955862713517874,19.673616429051922,280.16242000000005,2.618340373831776,105298.80084936685,3.954995,0.03696257009345794,1486.4814162629007,0.024814999999999997,0.00023191588785046726,9.32669607535885,0.11521999999999999,0.0010768224299065419,43.30533636118665,0.005805,5.4252336448598136e-05,2.1818041796275693,0.0,0.0,0.0
1800_131.0,0.43036431730058083,40.5,0.025806962680000003,0.00031471905707317077,14.104761841166688,16.676287040710395,227.28393000000003,2.7717552439024393,124221.73592163311,3.5231749999999997,0.0429655487804878,1925.5867075850879,0.021560000000000003,0.00026292682926829273,11.783589919755478,0.09468000000000001,0.0011546341463414636,51.74723068656998,0.004725,5.76219512195122e-05,2.5824425960503072,0.0,0.0,0.0
2580_100.0,0.5969856446525458,59.0,0.02809337134,0.0002360787507563025,11.068915983452598,21.250053524282563,247.41193,2.079091848739496,97481.42482901647,3.322495,0.027920126050420168,1309.0781296895548,0.021020000000000004,0.00017663865546218492,8.281975529255709,0.101525,0.0008531512605042017,40.001311399033575,0.00482,4.050420168067227e-05,1.8991019053764275,0.0,0.0,0.0
2700_98.22,0.6285692405852606,56.0,0.03179574192,0.000281378247079646,11.898191588914239,19.76897542340036,280.020305,2.4780557964601773,104785.57934137994,3.89042,0.03442849557522124,1455.822689648493,0.024525,0.0002170353982300885,9.177428520218713,0.11573,0.0010241592920353982,43.306984817325656,0.00575,5.088495575221239e-05,2.1516906826200857,0.0,0.0,0.0
4020_29.5,0.18604838373645327,37.5,0.0163654554,0.0002153349394736842,20.6903250065282,11.368359705801604,144.11779,1.896286710526316,182203.54041126042,3.1669900000000006,0.041670921052631586,4003.9247788011303,0.0179,0.00023552631578947368,22.630400961335596,0.06243000000000001,0.0008214473684210528,78.9282643584459,0.0032,4.210526315789474e-05,4.045658272417536,0.0,0.0,0.0
3720_41.3,0.6902933251728757,61.0,0.02989238266,0.00024302750130081302,10.18572574577666,23.092616370677614,263.19504,2.139797073170732,89682.79730595145,3.47848,0.028280325203252032,1185.2799990942303,0.022185,0.00018036585365853659,7.559461828127659,0.10532,0.000856260162601626,35.88742482480979,0.005145,4.1829268292682926e-05,1.7531409107828178,0.0,0.0,0.0
1440_29.7,0.5054671397227988,41.0,0.02261048148,0.0002724154395180723,10.521605213322532,22.355434587711343,199.140365,2.3992815060240966,92668.36287499312,2.8686100000000003,0.034561566265060246,1334.8845294465243,0.017905,0.00021572289156626508,8.331947354202912,0.081115,0.0009772891566265061,37.74621109389384,0.004105,4.9457831325301205e-05,1.910228645015524,0.0,0.0,0.0
2520_98.11,0.6268929404029387,59.0,0.03031769958,0.0002547705847058824,11.375434270152567,20.67745736277722,266.984005,2.243563067226891,100174.45393723322,3.4539850000000007,0.029025084033613452,1295.9617610140895,0.022144999999999995,0.00018609243697478988,8.308974473733095,0.10837000000000001,0.0009106722689075631,40.66125823971352,0.005189999999999999,4.3613445378151254e-05,1.9473279529769596,0.0,0.0,0.0
3780_9.17,0.7092161920415593,134.0,0.06149659988,0.00022861189546468402,20.395651445642564,11.5326081998919,541.30835,2.0122986988847584,179527.59100111554,15.037675,0.0559021375464684,4987.3192737701165,0.08145,0.0003027881040892193,27.013295263302066,0.23306500000000002,0.0008664126394052046,77.29715973654386,0.01234,4.587360594795539e-05,4.0926220202473615,0.0,0.0,0.0
3660_128.0,0.7076292602198628,98.5,0.051676005780000006,0.00026098992818181823,17.177037940291964,13.693574987827992,454.93321000000003,2.297642474747475,151219.21461455512,10.460079999999998,0.05282868686868686,3476.9171553895026,0.058545,0.0002956818181818182,19.46028279537809,0.19407,0.000980151515151515,64.50861870525281,0.009985,5.042929292929293e-05,3.319001173658729,0.0,0.0,0.0
2760_29.11,0.5080372628048396,42.0,0.03404648736,0.0004005469101176471,15.763108446741256,14.921870131064223,299.826995,3.527376411764706,138816.2422593468,4.9110249999999995,0.05777676470588235,2273.744684469484,0.029695000000000003,0.0003493529411764706,13.748422865964097,0.12723,0.0014968235294117649,58.90593841510733,0.00665,7.823529411764705e-05,3.078868902463756,0.0,0.0,0.0
1800_96.2,0.4408347923773501,39.5,0.023229964820000004,0.0002903745602500001,12.394751040853965,18.97698923753041,204.58221500000002,2.5572776875,109158.39270356069,3.14192,0.039273999999999996,1676.425964999799,0.019265,0.0002408125,10.279175222704946,0.084995,0.0010624375,45.35055790572577,0.004285,5.3562499999999994e-05,2.2863361447853983,0.0,0.0,0.0
480_98.0,0.6284954179921931,56.5,0.02456007084,0.00021543921789473684,9.191631791951169,25.590130504370855,216.312545,1.8974784649122807,80955.19262027778,2.701865,0.0237005701754386,1011.1757573236765,0.01753,0.0001537719298245614,6.560620543914686,0.0861,0.0007552631578947368,32.22301362413316,0.0040950000000000005,3.592105263157895e-05,1.5325579650502361,0.0,0.0,0.0
2460_120.0,0.7046417029403463,75.0,0.03148666068,0.00020852093165562915,10.510500100917708,22.379054740089583,277.26658499999996,1.8362025496688739,92553.81189008348,4.509,0.029860927152317883,1505.1403969662863,0.027155,0.00017983443708609272,9.064556992596916,0.11263,0.0007458940397350993,37.596798161524234,0.005470000000000001,3.622516556291392e-05,1.8259299116002627,0.0,0.0,0.0
3600_9.2,0.7153498248742538,63.5,0.030803776060000003,0.00024065450046875002,10.128627551212618,23.22279656496937,271.19698500000004,2.1187264453125003,89172.61470562694,3.6802150000000005,0.028751679687500004,1210.0960275383181,0.02334,0.00018234375,7.674454150842911,0.10961500000000002,0.0008563671875000001,36.04264317672005,0.005365,4.19140625e-05,1.7640722587520232,0.0,0.0,0.0
1020_98.11,0.627048788060881,48.5,0.03029920754,0.00030917558714285714,11.36567037115424,20.69522073252484,266.79458500000004,2.7223937244897964,100078.50224847469,3.9923950000000006,0.04073872448979592,1497.6050281691405,0.024704999999999998,0.00025209183673469387,9.267202323647487,0.10992000000000002,0.0011216326530612247,41.23257961608306,0.005685,5.801020408163265e-05,2.1325256106025487,0.0,0.0,0.0
2100_11.0,0.8626334066447636,100.5,0.04030868462000001,0.00019954794366336637,10.991006703025892,21.400683618853435,354.951925,1.7571877475247526,96785.07308549686,5.6478,0.02795940594059406,1539.9909037604716,0.03422,0.0001694059405940594,9.330799377931822,0.14562,0.0007208910891089109,39.70634147908918,0.007045,3.487623762376238e-05,1.9209667334169982,0.0,0.0,0.0
1140_98.4,0.6280343248573014,73.5,0.032190679060000005,0.00021750458824324327,12.056239784409588,19.50981909038676,283.48834999999997,1.9154618243243242,106173.700695043,4.265890000000001,0.028823581081081084,1597.685859253042,0.026255,0.00017739864864864865,9.833174843863441,0.116775,0.0007890202702702703,43.73525013872228,0.005679999999999999,3.837837837837837e-05,2.1273065363985655,0.0,0.0,0.0
720_98.6,0.6231522733193839,54.5,0.025245597180000003,0.00022950542890909093,9.529203112252322,24.683602010930283,222.32601,2.0211455454545453,83919.17574067228,2.9422150000000005,0.026747409090909096,1110.5684739803592,0.018765,0.00017059090909090908,7.0830369005125196,0.089815,0.0008165000000000001,33.90156990245307,0.004365000000000001,3.968181818181819e-05,1.6476129001192192,0.0,0.0,0.0
1860_29.3,0.5104617161637175,62.0,0.038456838900000005,0.0003076547112,17.72048181377743,13.273626506096356,338.60321000000005,2.7088256800000003,156024.57707182117,6.851725,0.0548138,3157.1983482892074,0.039430000000000014,0.0003154400000000001,18.168903578740174,0.14319,0.0011455200000000001,65.98035261069755,0.00743,5.944e-05,3.4236610091311035,0.0,0.0,0.0
540_120.3,0.7064763747844184,70.0,0.03325265050000001,0.0002358344007092199,11.071175718520998,21.24571618086258,292.846335,2.076924361702128,97500.59572874845,4.52625,0.03210106382978724,1506.9748829782957,0.027700000000000002,0.00019645390070921988,9.222469872079268,0.11948500000000001,0.0008474113475177306,39.781473381422074,0.0059700000000000005,4.23404255319149e-05,1.987658669180983,0.0,0.0,0.0
3180_29.7,0.5042037422442173,41.0,0.024161171119999998,0.00029109844722891563,11.271378549073487,20.868348630122913,212.82259,2.5641275903614456,99283.43141026776,3.0871949999999995,0.037195120481927704,1440.201028624929,0.019254999999999998,0.00023198795180722889,8.982610689047178,0.086995,0.001048132530120482,40.58385961535495,0.004405,5.307228915662651e-05,2.0549675453260368,0.0,0.0,0.0
3960_9.0,0.7158246360586913,61.5,0.03881215024,0.00031300121161290323,12.75340589743004,18.443313025232978,341.7636549999999,2.7561585080645155,112301.1888352477,5.528675000000001,0.044586088709677424,1816.6846184498854,0.03353,0.0002704032258064516,11.017727621288039,0.143345,0.001156008064516129,47.10218210180537,0.0073950000000000005,5.963709677419355e-05,2.4299461902602166,0.0,0.0,0.0
1980_98.3,0.6249242502801109,56.0,0.030523753740000003,0.00027012171451327435,11.488826807039581,20.473374788801806,268.713525,2.3779957964601772,101141.00564860934,3.45756,0.03059787610619469,1301.390004430948,0.02223,0.00019672566371681415,8.367143245091906,0.10845500000000001,0.000959778761061947,40.82134595800463,0.005275,4.668141592920354e-05,1.9854557183022856,0.0,0.0,0.0
2640_8.1,0.6737470630843804,81.5,0.0288079566,0.00017565827195121952,10.057283404995514,23.387533952490763,253.69452,1.5469178048780488,88568.50631100655,3.9509799999999995,0.024091341463414632,1379.3455099647426,0.02402,0.00014646341463414635,8.385736994202228,0.10187,0.0006211585365853659,35.564322547851,0.004745,2.8932926829268295e-05,1.6565496268730047,0.0,0.0,0.0
2220_98.15,0.6293016680106317,51.0,0.03178517504,0.00030859393242718447,11.880394002027082,19.79859060768701,279.88928500000003,2.7173716990291266,104614.65065273554,4.0884,0.03969320388349515,1528.1275870515867,0.02544,0.00024699029126213593,9.508748120191852,0.11533999999999998,0.0011198058252427183,43.11081007008365,0.005915,5.7427184466019416e-05,2.2108586922537263,0.0,0.0,0.0
3840_29.7,0.5116790287865692,57.5,0.03562359420000001,0.0003070999500000001,16.375902221123376,14.363486904602373,313.708575,2.7043842672413794,144209.50680288032,5.31741,0.04583974137931034,2444.3739657696756,0.03184000000000001,0.0002744827586206897,14.636612010378455,0.132385,0.0011412500000000001,60.856403297548724,0.006720000000000001,5.793103448275863e-05,3.0891341931452008,0.0,0.0,0.0
3960_120.8,0.10369145997655786,79.5,0.013958848480000001,8.7242803e-05,31.664433532652765,7.428367757206134,122.83219000000001,0.7677011875,278634.1381595952,5.0665700000000005,0.0316660625,11493.073317143173,0.025910000000000002,0.00016193750000000003,58.77458115592592,0.0539,0.00033687500000000004,122.26746137801648,0.0027550000000000005,1.7218750000000002e-05,6.249477849655573,0.0,0.0,0.0
2220_120.3,0.703097300098858,87.5,0.044773191420000004,0.00025439313306818186,14.978479899026492,15.703533248353327,394.31027,2.2403992613636365,131913.05479592073,7.278045,0.041352528409090906,2434.806349051413,0.042695000000000004,0.0002425852272727273,14.283239121597916,0.16700500000000001,0.0009488920454545455,55.87006322760182,0.008480000000000001,4.818181818181819e-05,2.836909889943795,0.0,0.0,0.0
1860_29.6,0.5096555026939796,55.0,0.026326060660000004,0.0002371717176576577,12.14994408720721,19.359353048530867,231.843905,2.0886838288288287,107000.07566987729,3.51395,0.03165720720720721,1621.7502715896942,0.021560000000000003,0.00019423423423423425,9.950322530335894,0.09571,0.0008622522522522523,44.17186314371282,0.00458,4.126126126126126e-05,2.113751261082485,0.0,0.0,0.0
3900_41.3,0.6913516696758815,61.0,0.029854077720000004,0.00024271607902439027,10.157100797910523,23.15769645138719,262.932855,2.137665487804878,89456.30598155325,3.600925,0.02927581300813008,1225.1243710742222,0.022789999999999998,0.00018528455284552844,7.75372561682943,0.10677,0.0008680487804878049,36.32581325620353,0.005265000000000001,4.280487804878049e-05,1.791284132189862,0.0,0.0,0.0
1020_9.5,0.7112629342703748,57.5,0.035171860080000006,0.00030320569034482766,11.631354142843199,20.222499823795918,309.689925,2.669740732758621,102414.63442514496,4.8196,0.04154827586206897,1593.8444625714853,0.029540000000000007,0.00025465517241379316,9.768894809602806,0.12684,0.001093448275862069,41.94606017772578,0.00663,5.71551724137931e-05,2.1925447727713805,0.0,0.0,0.0
1500_47.1,0.41108998632849947,35.5,0.01934795728,0.0002687216288888889,11.070400709851691,21.247203535716068,170.433345,2.3671297916666667,97517.55165496201,2.3437600000000005,0.03255222222222223,1341.0388493333496,0.014790000000000001,0.00020541666666666668,8.462455448356588,0.06878000000000001,0.0009552777777777779,39.35413696673199,0.003365,4.673611111111111e-05,1.9253659623880943,0.0,0.0,0.0
